City_ID,City,Country,Date,Lat,Lng,Max Temp,Humidity,Cloudiness,Wind Speed
0,Bluff,NZ,2020-05-23 13:58:34,-46.6,168.33,49.23,81,100,6.02
1,Port Alfred,ZA,2020-05-23 14:02:46,-33.59,26.89,66.99,78,0,1.99
2,Broome,US,2020-05-23 14:02:46,42.25,-75.83,66.0,93,75,6.93
3,Bredasdorp,ZA,2020-05-23 14:02:46,-34.53,20.04,73.4,5,0,14.99
4,Atuona,PF,2020-05-23 14:02:46,-9.8,-139.03,80.28,78,49,17.16
5,Ravar,IR,2020-05-23 14:02:47,31.27,56.81,89.94,9,0,12.82
6,East London,ZA,2020-05-23 14:02:47,-33.02,27.91,68.0,60,0,10.29
7,Plerin,FR,2020-05-23 14:02:47,48.54,-2.78,64.99,55,75,11.41
8,Labuan,MY,2020-05-23 14:02:47,5.28,115.24,82.4,94,75,1.12
9,Butaritari,KI,2020-05-23 13:58:33,3.07,172.79,82.89,76,100,11.3
10,Dahod,IN,2020-05-23 14:02:47,22.83,74.27,95.61,11,0,6.82
11,Saldanha,ZA,2020-05-23 14:02:47,-33.01,17.94,71.6,56,0,6.93
12,Ashington,GB,2020-05-23 14:02:48,50.93,-0.39,62.01,67,20,29.97
13,Yerofey Pavlovich,RU,2020-05-23 14:02:48,53.97,121.97,41.79,69,79,5.99
14,Isangel,VU,2020-05-23 14:02:48,-19.55,169.27,71.28,76,100,6.69
15,Cap Malheureux,MU,2020-05-23 14:02:48,-19.98,57.61,73.99,68,0,4.0
16,Cape Town,ZA,2020-05-23 14:02:09,-33.93,18.42,71.01,68,20,11.41
17,Murgab,TM,2020-05-23 14:02:48,37.5,61.97,96.8,14,0,6.93
18,Barrow,US,2020-05-23 14:02:49,71.29,-156.79,30.2,86,20,16.11
19,Ailigandi,PA,2020-05-23 14:02:49,9.23,-78.02,85.28,69,88,1.86
20,Salalah,OM,2020-05-23 14:02:49,17.02,54.09,89.6,75,75,11.41
21,Saint-Philippe,RE,2020-05-23 14:02:49,-21.36,55.77,75.2,64,53,20.8
22,Rikitea,PF,2020-05-23 13:58:27,-23.12,-134.97,71.26,63,44,19.86
23,Puerto Ayora,EC,2020-05-23 14:02:49,-0.74,-90.35,75.99,88,66,4.0
24,Arraial Do Cabo,BR,2020-05-23 13:58:32,-22.97,-42.03,86.0,58,59,6.93
25,Quatre Cocos,MU,2020-05-23 14:02:50,-20.21,57.76,75.2,64,40,9.17
26,Batagay-Alyta,RU,2020-05-23 14:02:50,67.8,130.41,41.52,71,92,1.81
27,Bowen,AU,2020-05-23 14:02:50,-20.02,148.23,55.99,82,100,8.05
28,Provideniya,RU,2020-05-23 14:02:50,64.38,-173.3,37.09,88,100,5.59
29,Georgetown,MY,2020-05-23 13:57:57,5.41,100.34,84.2,89,20,3.0
30,Megion,RU,2020-05-23 14:02:50,61.03,76.11,64.4,68,69,11.18
31,Iqaluit,CA,2020-05-23 14:00:12,63.75,-68.51,26.6,68,90,20.8
32,Hermanus,ZA,2020-05-23 14:02:52,-34.42,19.23,70.0,59,0,4.0
33,Tuktoyaktuk,CA,2020-05-23 13:58:28,69.45,-133.04,26.6,92,5,12.75
34,Naze,JP,2020-05-23 14:02:53,28.37,129.48,73.4,83,90,17.22
35,Lavrentiya,RU,2020-05-23 13:58:33,65.58,-171.0,34.21,95,100,3.8
36,Ushuaia,AR,2020-05-23 14:01:02,-54.8,-68.3,42.8,87,75,3.36
37,Thompson,CA,2020-05-23 13:59:32,55.74,-97.86,39.2,93,75,5.82
38,Kaitangata,NZ,2020-05-23 13:58:45,-46.28,169.85,48.99,83,100,2.53
39,Ribeira Grande,PT,2020-05-23 14:02:57,38.52,-28.7,66.2,93,75,8.05
40,Klaksvik,FO,2020-05-23 14:02:58,62.23,-6.59,48.2,100,99,2.24
41,Jamestown,US,2020-05-23 14:02:14,42.1,-79.24,61.0,93,90,4.7
42,San Patricio,MX,2020-05-23 14:02:59,19.22,-104.7,78.84,63,1,1.36
43,Olga,RU,2020-05-23 14:03:00,43.74,135.29,46.24,92,76,6.62
44,Lagoa,PT,2020-05-23 13:59:11,39.05,-27.98,64.47,96,100,18.43
45,Egvekinot,RU,2020-05-23 14:03:01,66.32,-179.17,23.83,97,100,9.8
46,Gap,FR,2020-05-23 14:03:02,44.67,6.0,60.01,94,100,1.01
47,Tiksi,RU,2020-05-23 14:03:03,71.69,128.87,37.36,93,99,8.05
48,Grand Gaube,MU,2020-05-23 14:03:03,-20.01,57.66,73.99,68,0,4.0
49,Lucapa,AO,2020-05-23 14:03:04,-8.42,20.74,86.25,34,83,7.0
50,Tomatlan,MX,2020-05-23 14:03:05,19.93,-105.25,78.87,60,0,0.98
51,Mataura,NZ,2020-05-23 14:03:06,-46.19,168.86,46.02,89,100,2.62
52,Selenginsk,RU,2020-05-23 14:03:06,52.01,106.86,62.6,33,0,4.47
53,Kloulklubed,PW,2020-05-23 13:59:09,7.04,134.26,78.8,94,75,5.7
54,Praia,CV,2020-05-23 13:59:03,14.92,-23.51,84.2,51,20,10.29
55,Saskylakh,RU,2020-05-23 13:58:27,71.92,114.08,49.33,82,0,7.29
56,Nikolskoye,RU,2020-05-23 14:03:07,59.7,30.79,57.2,26,0,8.95
57,Avera,US,2020-05-23 13:58:56,33.19,-82.53,75.2,78,1,8.05
58,Guiratinga,BR,2020-05-23 14:03:08,-16.35,-53.76,65.37,88,100,7.74
59,Greeneville,US,2020-05-23 14:03:08,36.16,-82.83,72.0,79,15,1.01
60,Moree,AU,2020-05-23 14:03:08,-29.47,149.85,50.0,71,90,7.0
61,Albany,US,2020-05-23 14:02:01,42.6,-73.97,73.0,73,75,4.7
62,Hobart,AU,2020-05-23 14:00:37,-42.88,147.33,50.0,61,75,14.99
63,Gimli,CA,2020-05-23 14:03:09,50.63,-96.99,66.99,66,98,10.0
64,Yar-Sale,RU,2020-05-23 14:03:09,66.83,70.83,61.07,45,93,5.3
65,Busselton,AU,2020-05-23 14:03:10,-33.65,115.33,60.01,35,49,12.59
66,Dwarka,IN,2020-05-23 14:03:10,22.24,68.97,84.49,81,0,16.89
67,Qaanaaq,GL,2020-05-23 14:03:10,77.48,-69.36,31.37,90,0,3.18
68,Inhambane,MZ,2020-05-23 14:03:10,-23.86,35.38,78.8,57,20,4.7
69,Nantucket,US,2020-05-23 14:02:20,41.28,-70.1,62.01,93,90,5.82
70,Leningradskiy,RU,2020-05-23 14:03:10,69.38,178.42,28.06,98,100,3.96
71,Geraldton,AU,2020-05-23 14:03:10,-28.77,114.6,69.8,18,100,10.29
72,Kunya,NG,2020-05-23 14:03:11,12.22,8.53,98.6,37,20,4.7
73,Cherskiy,RU,2020-05-23 13:58:55,68.75,161.3,25.16,96,0,7.4
74,Namatanai,PG,2020-05-23 14:03:11,-3.67,152.43,81.34,79,11,4.0
75,Longyearbyen,SJ,2020-05-23 14:02:55,78.22,15.64,37.4,69,75,12.75
76,Punta Arenas,CL,2020-05-23 14:00:13,-53.15,-70.92,44.6,93,90,3.98
77,Yellowknife,CA,2020-05-23 14:03:11,62.46,-114.35,37.0,74,75,9.17
78,Xifeng,CN,2020-05-23 14:03:11,42.74,124.72,54.01,95,94,8.52
79,Warrnambool,AU,2020-05-23 14:03:12,-38.38,142.48,50.0,95,100,13.71
80,Christchurch,NZ,2020-05-23 13:59:58,-43.53,172.63,54.0,93,100,13.87
81,Eirunepe,BR,2020-05-23 14:03:12,-6.66,-69.87,86.29,68,39,1.23
82,Bafoulabe,ML,2020-05-23 14:03:12,13.81,-10.83,110.25,13,0,3.11
83,New Norfolk,AU,2020-05-23 14:03:12,-42.78,147.06,48.99,80,18,3.0
84,Vaini,TO,2020-05-23 14:03:13,-21.2,-175.2,64.4,100,20,2.24
85,Honningsvag,NO,2020-05-23 14:03:13,70.98,25.97,45.14,72,98,23.96
86,Tevaitoa,PF,2020-05-23 14:03:13,-16.78,-151.5,80.91,75,4,23.51
87,Bethel,US,2020-05-23 13:58:31,41.37,-73.41,66.2,88,90,5.82
88,Bosaso,SO,2020-05-23 14:03:13,11.28,49.18,93.6,45,6,2.82
89,Corinth,GR,2020-05-23 14:03:13,37.94,22.96,77.0,57,0,15.01
90,Sorland,NO,2020-05-23 14:03:13,67.67,12.69,47.35,79,100,16.51
91,Avarua,CK,2020-05-23 14:02:06,-21.21,-159.78,78.8,83,100,18.34
92,Panama City,PA,2020-05-23 14:03:14,8.99,-79.52,80.6,88,40,2.24
93,Norman Wells,CA,2020-05-23 14:03:14,65.28,-126.83,41.0,87,20,4.7
94,Carnarvon,AU,2020-05-23 13:58:38,-24.87,113.63,71.73,48,96,17.74
95,Siquinala,GT,2020-05-23 14:03:14,14.31,-90.97,80.6,94,20,4.7
96,Chara,RU,2020-05-23 14:03:14,56.91,118.26,44.91,58,36,6.67
97,Castro,BR,2020-05-23 13:58:28,-24.79,-50.01,56.62,78,100,13.87
98,Makakilo City,US,2020-05-23 13:58:34,21.35,-158.09,73.4,94,40,3.36
99,Mnogovershinnyy,RU,2020-05-23 14:03:14,53.94,139.92,32.67,100,90,3.96
100,Cayenne,GF,2020-05-23 13:59:26,4.93,-52.33,86.0,70,75,10.29
101,Necochea,AR,2020-05-23 14:01:56,-38.55,-58.74,43.0,92,55,4.0
102,Padang,ID,2020-05-23 14:03:15,-0.95,100.35,81.14,71,99,4.07
103,Fuente Palmera,ES,2020-05-23 14:03:15,37.7,-5.1,96.8,23,100,4.7
104,Hasaki,JP,2020-05-23 14:03:15,35.73,140.83,62.6,93,75,3.36
105,Jumla,NP,2020-05-23 14:03:03,29.27,82.18,59.43,60,4,3.49
106,Khatanga,RU,2020-05-23 14:03:15,71.97,102.5,62.22,64,41,10.45
107,Kruisfontein,ZA,2020-05-23 14:03:15,-34.0,24.73,66.36,52,0,9.35
108,Boende,CD,2020-05-23 14:03:16,-0.22,20.87,82.76,83,94,0.74
109,Gat,IL,2020-05-23 14:03:16,31.61,34.76,73.99,66,11,3.0
110,Labuhan,ID,2020-05-23 14:03:16,-6.88,112.21,81.9,80,8,4.68
111,Harper,LR,2020-05-23 14:03:16,4.38,-7.72,83.41,74,30,9.1
112,Nova Olimpia,BR,2020-05-23 14:03:16,-14.8,-57.29,58.75,88,100,7.67
113,Thinadhoo,MV,2020-05-23 14:03:16,0.53,72.93,84.06,79,100,17.05
114,Westport,US,2020-05-23 14:03:16,41.14,-73.36,66.0,100,90,6.93
115,Karratha,AU,2020-05-23 14:03:16,-20.74,116.85,72.95,47,0,19.91
116,Port Lincoln,AU,2020-05-23 14:03:17,-34.73,135.87,57.18,78,97,12.97
117,Kota Belud,MY,2020-05-23 14:03:17,6.35,116.43,84.2,83,20,4.7
118,Matamoros,MX,2020-05-23 14:03:17,25.53,-103.25,78.8,27,75,5.08
119,Byron Bay,AU,2020-05-23 14:03:17,-28.65,153.62,51.8,66,38,11.41
120,Chokurdakh,RU,2020-05-23 14:03:17,70.63,147.92,23.68,97,98,4.34
121,Lorengau,PG,2020-05-23 14:03:17,-2.02,147.27,81.81,78,100,3.62
122,Kozhva,RU,2020-05-23 14:03:18,65.11,57.05,40.59,79,100,8.34
123,Mogadishu,SO,2020-05-23 13:59:24,2.04,45.34,84.2,66,20,18.34
124,Aykhal,RU,2020-05-23 14:03:18,66.0,111.5,73.4,28,98,2.24
125,Pudozh,RU,2020-05-23 14:03:18,61.81,36.53,54.73,39,0,5.57
126,Matara,LK,2020-05-23 14:03:18,5.95,80.54,81.52,84,61,10.51
127,Hede,CN,2020-05-23 14:03:18,33.77,120.25,72.07,72,100,8.99
128,Mahebourg,MU,2020-05-23 14:03:18,-20.41,57.7,75.2,64,40,9.17
129,Tabou,CI,2020-05-23 14:03:19,4.42,-7.35,83.61,73,13,9.15
130,Ostrovnoy,RU,2020-05-23 14:03:19,68.05,39.51,41.76,88,41,14.74
131,Lasa,IT,2020-05-23 13:58:40,46.62,10.7,64.4,59,5,10.29
132,Tocopilla,CL,2020-05-23 14:03:19,-22.09,-70.2,70.02,42,5,1.92
133,Mattru,SL,2020-05-23 14:03:19,7.62,-11.83,84.47,78,93,5.73
134,Fukue,JP,2020-05-23 14:03:19,32.69,128.84,67.64,77,21,4.54
135,Caravelas,BR,2020-05-23 13:58:41,-17.71,-39.25,83.89,64,21,2.8
136,Rawson,AR,2020-05-23 14:03:20,-43.3,-65.1,56.14,36,100,11.7
137,Maniitsoq,GL,2020-05-23 14:03:20,65.42,-52.9,39.88,74,0,9.4
138,Deputatskiy,RU,2020-05-23 13:58:47,69.3,139.9,29.52,100,100,6.06
139,Hilo,US,2020-05-23 14:03:20,19.73,-155.09,69.8,83,20,5.82
140,Talnakh,RU,2020-05-23 14:03:20,69.49,88.4,53.6,100,100,4.47
141,Lebu,CL,2020-05-23 14:03:21,-37.62,-73.65,53.53,57,100,5.03
142,Maldonado,UY,2020-05-23 14:03:21,-34.67,-54.92,64.0,67,75,25.28
143,Kuching,MY,2020-05-23 14:00:07,1.55,110.33,80.6,88,40,4.7
144,Vieques,PR,2020-05-23 14:03:21,18.43,-65.83,86.0,66,40,3.36
145,Micheweni,TZ,2020-05-23 14:03:21,-4.97,39.83,80.82,72,6,15.93
146,Hadejia,NG,2020-05-23 14:03:21,12.45,10.04,100.81,23,17,1.19
147,Auki,SB,2020-05-23 14:03:21,-8.77,160.7,79.14,87,100,3.13
148,Hobyo,SO,2020-05-23 14:03:21,5.35,48.53,88.2,61,56,26.64
149,Bassano,CA,2020-05-23 14:03:21,50.78,-112.47,45.0,82,98,1.99
150,Sobolevo,RU,2020-05-23 14:03:22,54.43,31.9,49.24,74,97,8.88
151,Palmer,US,2020-05-23 14:03:22,42.16,-72.33,71.01,83,75,3.36
152,Chuy,UY,2020-05-23 14:03:22,-33.7,-53.46,60.87,81,100,21.52
153,Xinzhi,CN,2020-05-23 14:03:22,36.5,111.7,70.92,22,100,9.98
154,Kologriv,RU,2020-05-23 14:03:22,58.83,44.32,47.25,79,100,6.08
155,Loikaw,MM,2020-05-23 14:03:22,19.67,97.21,76.39,47,100,5.19
156,Plettenberg Bay,ZA,2020-05-23 14:03:22,-34.05,23.37,67.19,56,0,1.81
157,Upernavik,GL,2020-05-23 14:03:22,72.79,-56.15,29.26,97,15,11.99
158,Mayo,US,2020-05-23 14:03:23,38.89,-76.51,72.0,85,29,1.99
159,Hastings,GB,2020-05-23 14:01:51,50.86,0.57,62.01,66,62,8.99
160,Tupik,RU,2020-05-23 14:03:23,54.43,119.93,42.49,69,100,5.08
161,Ibra,OM,2020-05-23 14:03:23,22.69,58.53,100.18,17,27,7.18
162,Nemuro,JP,2020-05-23 14:02:38,43.32,145.57,45.39,94,100,13.98
163,Pangody,RU,2020-05-23 14:03:23,65.85,74.49,64.15,41,81,7.9
164,Grindavik,IS,2020-05-23 13:59:37,63.84,-22.43,51.8,57,32,13.87
165,Yuci,CN,2020-05-23 14:03:24,37.68,112.73,71.6,19,99,11.18
166,Gogrial,SS,2020-05-23 14:03:24,8.53,28.1,94.32,35,11,7.11
167,Bengkulu,ID,2020-05-23 13:58:30,-3.8,102.27,79.74,83,32,4.92
168,Kodiak,US,2020-05-23 14:03:24,57.79,-152.41,42.8,81,90,5.01
169,Katima Mulilo,NA,2020-05-23 14:03:24,-17.5,24.27,77.0,23,0,4.7
170,Vila Velha,BR,2020-05-23 14:01:25,-20.33,-40.29,82.0,74,20,12.75
171,Kapaa,US,2020-05-23 14:03:24,22.08,-159.32,73.4,88,75,13.87
172,Linhares,BR,2020-05-23 14:03:24,-19.39,-40.07,83.35,63,19,5.28
173,Itaituba,BR,2020-05-23 14:03:25,-4.28,-55.98,75.2,100,90,5.82
174,Wamba,NG,2020-05-23 14:03:25,8.93,8.6,94.8,42,9,2.57
175,Chinchani,IN,2020-05-23 14:03:25,19.87,72.7,84.76,79,0,14.76
176,Ola,RU,2020-05-23 14:03:25,59.58,151.28,42.53,64,18,6.17
177,Kazachka,RU,2020-05-23 14:03:25,53.36,38.07,50.63,80,100,11.3
178,Dogondoutchi,NE,2020-05-23 14:03:25,13.64,4.03,102.33,14,100,10.71
179,Coquimbo,CL,2020-05-23 14:01:33,-29.95,-71.34,53.6,66,0,3.36
180,Mareeba,AU,2020-05-23 14:03:26,-17.0,145.43,62.01,94,100,2.26
181,Muzaffarabad,PK,2020-05-23 14:03:26,34.37,73.47,70.59,55,97,7.52
182,Loei,TH,2020-05-23 14:03:26,17.42,101.5,84.99,95,100,4.43
183,Mozelos,PT,2020-05-23 14:03:26,41.87,-8.4,79.0,43,42,12.75
184,Chapais,CA,2020-05-23 14:03:26,49.78,-74.85,41.0,44,1,9.17
185,Pokrovsk,UA,2020-05-23 14:03:26,48.28,37.18,56.73,51,68,7.65
186,Awbari,LY,2020-05-23 14:03:26,26.59,12.78,96.06,18,85,21.63
187,Clyde River,CA,2020-05-23 14:03:27,70.47,-68.59,26.6,100,90,2.24
188,Ambon,ID,2020-05-23 13:59:48,-3.7,128.18,82.99,96,100,7.96
189,Oranjestad,AW,2020-05-23 13:58:41,12.52,-70.03,84.2,74,40,20.8
190,Ciudad Bolivar,VE,2020-05-23 14:03:27,8.12,-63.55,89.26,48,55,11.77
191,Airai,TL,2020-05-23 14:03:27,-8.93,125.41,60.33,100,99,4.34
192,Ekibastuz,KZ,2020-05-23 14:03:27,51.67,75.37,75.49,50,36,0.76
193,Fairbanks,US,2020-05-23 14:00:03,64.84,-147.72,50.0,80,1,0.92
194,Goderich,CA,2020-05-23 14:03:28,43.75,-81.72,66.0,68,0,7.76
195,Masvingo,ZW,2020-05-23 14:03:28,-20.06,30.83,70.7,35,0,7.49
196,Skibbereen,IE,2020-05-23 13:58:36,51.55,-9.27,59.0,54,75,26.4
197,Palana,RU,2020-05-23 14:03:28,59.12,159.97,31.69,95,0,2.39
198,Fortuna,US,2020-05-23 14:03:28,40.6,-124.16,48.99,93,1,4.7
199,Hualmay,PE,2020-05-23 14:03:28,-11.1,-77.61,66.24,74,97,1.59
200,Acajutla,SV,2020-05-23 14:00:20,13.59,-89.83,75.0,98,65,1.01
201,Fuerte,PH,2020-05-23 14:03:28,17.54,120.36,82.94,78,100,12.08
202,Akyab,MM,2020-05-23 14:03:29,20.15,92.9,84.63,78,36,7.38
203,Oksfjord,NO,2020-05-23 14:03:29,70.24,22.35,57.2,30,94,21.92
204,Cockburn Town,TC,2020-05-23 14:03:29,21.46,-71.14,80.46,84,100,12.66
205,Te Anau,NZ,2020-05-23 14:03:29,-45.42,167.72,47.25,88,100,1.39
206,Paamiut,GL,2020-05-23 14:03:29,61.99,-49.67,46.49,55,0,9.69
207,Codrington,AU,2020-05-23 13:59:18,-38.27,141.97,52.02,75,100,13.4
208,Faanui,PF,2020-05-23 14:03:29,-16.48,-151.75,80.22,77,20,22.46
209,Lagdo,CM,2020-05-23 14:03:30,9.05,13.73,102.2,33,20,8.05
210,Tasiilaq,GL,2020-05-23 14:03:30,65.61,-37.64,46.4,65,40,2.24
211,Grand Forks,US,2020-05-23 14:03:30,47.93,-97.03,62.6,82,75,9.17
212,Miranda De Ebro,ES,2020-05-23 14:03:30,42.69,-2.95,57.2,76,75,16.11
213,Barentu,ER,2020-05-23 14:03:30,15.11,37.59,92.73,28,23,10.83
214,Mogocha,RU,2020-05-23 14:03:30,53.73,119.77,41.86,71,91,8.84
215,Farah,AF,2020-05-23 14:03:31,32.5,62.5,92.21,10,0,1.43
216,Opportunity,US,2020-05-23 14:03:31,47.65,-117.24,48.2,70,90,6.93
217,Alofi,NU,2020-05-23 14:01:04,-19.06,-169.92,75.2,100,2,5.82
218,Angoche,MZ,2020-05-23 14:03:31,-16.23,39.91,77.63,69,0,12.15
219,Havre-Saint-Pierre,CA,2020-05-23 14:03:31,50.23,-63.6,42.8,30,1,9.17
220,Frontignan,FR,2020-05-23 14:03:32,43.45,3.75,80.6,54,100,17.22
221,Aklavik,CA,2020-05-23 14:03:32,68.22,-135.01,41.0,60,5,8.05
222,Bileca,BA,2020-05-23 14:03:32,42.87,18.43,71.6,49,54,5.82
223,Cidreira,BR,2020-05-23 13:58:38,-30.18,-50.21,60.24,77,94,15.84
224,Kropotkin,RU,2020-05-23 14:03:32,45.44,40.58,58.6,66,52,7.52
225,Campoverde,PE,2020-05-23 14:03:32,-8.48,-74.81,83.97,66,49,2.86
226,Zhanaozen,KZ,2020-05-23 14:03:32,43.3,52.8,86.13,25,0,15.14
227,Sikonge,TZ,2020-05-23 14:03:32,-5.63,32.77,78.8,50,40,13.87
228,Olafsvik,IS,2020-05-23 14:03:33,64.89,-23.71,47.95,61,100,12.03
229,Kaeo,NZ,2020-05-23 14:03:33,-35.1,173.78,57.99,3,100,1.01
230,Zlitan,LY,2020-05-23 14:03:33,32.47,14.57,73.33,49,0,16.75
231,Skara,SE,2020-05-23 14:03:33,58.39,13.44,62.6,59,100,9.17
232,Patitirion,GR,2020-05-23 13:59:31,39.15,23.87,71.6,43,20,12.75
233,Mitu,CO,2020-05-23 13:59:07,1.2,-70.17,73.69,98,100,1.36
234,Meadow Lake,US,2020-05-23 14:03:33,34.8,-106.54,62.01,20,40,4.7
235,Killybegs,IE,2020-05-23 14:03:33,54.63,-8.45,55.99,66,75,27.51
236,Santiago,CL,2020-05-23 14:02:03,-33.46,-70.65,63.0,56,18,3.36
237,Caldas Novas,BR,2020-05-23 14:00:09,-17.74,-48.62,76.75,72,81,4.68
238,Hohhot,CN,2020-05-23 14:03:34,40.81,111.65,55.4,62,0,6.71
239,Galesong,ID,2020-05-23 14:03:34,-5.32,119.37,80.6,94,20,1.12
240,Alyangula,AU,2020-05-23 14:03:34,-13.85,136.42,68.0,64,44,6.93
241,Tambacounda,SN,2020-05-23 14:03:34,13.75,-13.76,100.4,21,0,9.17
242,Buala,SB,2020-05-23 14:03:35,-8.14,159.59,81.59,80,83,4.32
243,Portland,US,2020-05-23 13:59:12,45.52,-122.68,51.01,90,67,1.48
244,Maracas,BR,2020-05-23 14:03:35,-13.44,-40.43,73.62,77,85,4.34
245,Payo,ID,2020-05-23 14:03:35,-3.75,103.64,75.99,93,81,2.42
246,Victoria,HK,2020-05-23 14:03:35,22.29,114.16,78.01,78,89,10.0
247,Denpasar,ID,2020-05-23 14:00:21,-8.65,115.22,82.4,100,20,9.17
248,Coihaique,CL,2020-05-23 14:03:35,-45.58,-72.07,46.4,100,90,4.7
249,Superior,US,2020-05-23 14:00:20,46.72,-92.1,57.99,93,90,5.82
250,Fairview,US,2020-05-23 14:00:43,40.81,-74.0,66.0,93,90,1.1
251,Payson,US,2020-05-23 14:02:20,40.04,-111.73,42.8,75,75,6.93
252,Yeppoon,AU,2020-05-23 14:03:36,-23.13,150.73,50.0,93,100,5.28
253,Namibe,AO,2020-05-23 14:03:36,-15.2,12.15,84.16,48,6,10.71
254,The Valley,AI,2020-05-23 14:03:36,18.22,-63.06,86.0,69,20,12.75
255,Julio De Castilhos,BR,2020-05-23 14:03:36,-29.23,-53.68,53.51,82,72,6.31
256,Guanica,PR,2020-05-23 14:03:36,17.97,-66.91,87.01,62,95,5.01
257,Tevriz,RU,2020-05-23 14:03:36,57.51,72.4,62.96,79,82,6.29
258,Cicero Dantas,BR,2020-05-23 14:03:36,-10.6,-38.38,80.74,65,66,7.09
259,Khonsa,IN,2020-05-23 14:03:37,27.02,95.57,67.05,95,41,2.35
260,Seoul,KR,2020-05-23 13:58:39,37.57,126.98,66.2,82,90,6.93
261,Okhotsk,RU,2020-05-23 14:03:37,59.38,143.3,41.32,68,100,7.47
262,Saint-Francois,FR,2020-05-23 14:03:37,46.42,3.91,55.0,81,75,9.17
263,Jishou,CN,2020-05-23 14:03:37,28.32,109.72,74.59,69,0,1.68
264,Mishkino,RU,2020-05-23 14:03:37,55.34,63.92,63.59,85,100,3.36
265,Luderitz,NA,2020-05-23 14:03:37,-26.65,15.16,78.8,41,0,14.99
266,Odessa,UA,2020-05-23 13:59:08,46.48,30.73,60.8,29,90,11.18
267,Souillac,MU,2020-05-23 14:03:38,-20.52,57.52,75.2,64,40,9.17
268,Nome,US,2020-05-23 14:03:38,64.5,-165.41,42.8,75,75,4.7
269,Kiama,AU,2020-05-23 14:03:38,-34.68,150.87,60.01,68,100,7.0
270,Pottstown,US,2020-05-23 14:01:50,40.25,-75.65,68.0,100,100,2.1
271,Potiskum,NG,2020-05-23 14:03:38,11.71,11.07,99.64,24,55,3.18
272,Narsaq,GL,2020-05-23 14:03:38,60.92,-46.05,57.2,24,40,28.86
273,Tallahassee,US,2020-05-23 14:01:55,30.44,-84.28,79.0,73,20,6.93
274,Port Elizabeth,ZA,2020-05-23 14:03:28,-33.92,25.57,71.6,49,0,9.17
275,De Aar,ZA,2020-05-23 14:03:38,-30.65,24.01,69.49,23,0,10.04
276,Chicama,PE,2020-05-23 14:03:39,-7.84,-79.15,68.94,74,80,5.35
277,Mormugao,IN,2020-05-23 14:03:39,15.4,73.8,83.37,80,6,10.65
278,Cheyenne,US,2020-05-23 14:00:44,41.14,-104.82,51.8,81,90,10.29
279,Sola,VU,2020-05-23 14:03:39,-13.88,167.55,79.12,77,16,13.47
280,Cairns,AU,2020-05-23 14:00:26,-16.92,145.77,62.6,88,90,6.93
281,Changji,CN,2020-05-23 14:03:39,44.02,87.32,78.8,22,20,13.42
282,Coolum Beach,AU,2020-05-23 14:03:08,-26.53,153.1,53.01,67,64,5.99
283,Takoradi,GH,2020-05-23 14:03:39,4.88,-1.76,85.24,70,24,10.18
284,Guerrero Negro,MX,2020-05-23 14:03:40,27.98,-114.06,60.69,76,99,13.31
285,Bambous Virieux,MU,2020-05-23 14:03:40,-20.34,57.76,75.2,64,40,9.17
286,Hithadhoo,MV,2020-05-23 14:03:10,-0.6,73.08,84.38,75,100,11.48
287,New Plymouth,NZ,2020-05-23 14:03:00,-39.07,174.08,48.0,79,100,5.99
288,Bonavista,CA,2020-05-23 14:03:40,48.65,-53.11,42.01,54,100,21.0
289,Cabo San Lucas,MX,2020-05-23 14:00:01,22.89,-109.91,73.99,60,5,11.23
290,Vao,NC,2020-05-23 14:03:40,-22.67,167.48,73.11,76,100,18.05
291,Moron,AR,2020-05-23 14:03:40,-34.65,-58.62,55.99,87,0,6.93
292,Hlobyne,UA,2020-05-23 14:03:41,49.39,33.26,55.72,66,64,10.74
293,Nhamunda,BR,2020-05-23 14:03:41,-2.19,-56.71,79.59,92,100,8.43
294,Erzin,TR,2020-05-23 14:03:41,36.96,36.2,80.6,36,40,20.8
295,Half Moon Bay,US,2020-05-23 14:03:41,37.46,-122.43,55.0,81,1,5.23
296,Kindu,CD,2020-05-23 14:03:41,-2.95,25.95,88.38,50,33,2.17
297,Poum,NC,2020-05-23 14:03:41,-20.23,164.02,75.22,75,82,16.98
298,Vulcanesti,MD,2020-05-23 14:03:41,45.68,28.4,62.08,45,78,13.82
299,Camacha,PT,2020-05-23 14:03:41,33.08,-16.33,71.6,73,20,17.22
300,Mandan,US,2020-05-23 14:03:42,46.83,-100.89,60.8,100,90,10.33
301,Panaba,MX,2020-05-23 14:03:42,21.28,-88.27,85.78,58,86,9.26
302,Kyren,RU,2020-05-23 14:03:42,51.68,102.14,53.71,46,2,0.6
303,Sisimiut,GL,2020-05-23 14:03:42,66.94,-53.67,41.07,69,0,12.19
304,Loralai,PK,2020-05-23 14:03:42,30.37,68.6,86.81,14,64,8.37
305,Ardakan,IR,2020-05-23 14:03:42,32.31,54.02,95.0,10,20,4.7
306,Ponta Do Sol,PT,2020-05-23 14:03:42,32.67,-17.1,80.6,44,20,18.34
307,Havoysund,NO,2020-05-23 14:03:43,71.0,24.66,53.6,40,93,20.8
308,Dikson,RU,2020-05-23 14:03:43,73.51,80.55,42.35,80,83,11.54
309,Severo-Kurilsk,RU,2020-05-23 14:03:43,50.68,156.12,39.94,71,94,6.06
310,Cam Ranh,VN,2020-05-23 14:03:43,11.92,109.16,89.6,75,20,12.75
311,Merauke,ID,2020-05-23 14:03:43,-8.47,140.33,77.92,85,82,17.81
312,Jinchang,CN,2020-05-23 14:03:43,38.5,102.17,62.02,41,100,5.46
313,Lompoc,US,2020-05-23 14:01:23,34.64,-120.46,50.0,93,90,4.05
314,Locorotondo,IT,2020-05-23 14:03:44,40.76,17.33,84.2,37,13,9.17
315,Nosy Varika,MG,2020-05-23 14:03:44,-20.58,48.53,72.43,87,76,8.16
316,Vostok,RU,2020-05-23 13:59:24,46.49,135.88,46.89,100,100,1.25
317,Uruana,BR,2020-05-23 14:03:44,-15.5,-49.69,78.49,75,76,2.35
318,Sydney,AU,2020-05-23 14:01:27,-33.87,151.21,57.99,67,75,16.11
319,La Orilla,MX,2020-05-23 14:03:44,17.98,-102.23,78.71,79,100,2.57
320,Saratoga Springs,US,2020-05-23 14:03:45,43.08,-73.78,72.0,66,84,1.99
321,Dingle,PH,2020-05-23 14:03:45,11.0,122.67,80.13,82,100,1.48
322,Chipinge,ZW,2020-05-23 14:03:45,-20.19,32.62,66.63,49,29,6.17
323,Maine-Soroa,NE,2020-05-23 14:03:45,13.21,12.02,102.2,21,86,3.38
324,Leshukonskoye,RU,2020-05-23 13:58:57,64.9,45.76,44.56,58,75,4.92
325,Abu Samrah,SY,2020-05-23 14:03:45,35.3,37.18,75.04,49,0,23.42
326,Flin Flon,CA,2020-05-23 14:03:45,54.77,-101.86,46.4,93,20,2.24
327,Sal Rei,CV,2020-05-23 14:03:45,16.18,-22.92,78.8,65,20,18.34
328,Pitimbu,BR,2020-05-23 14:03:46,-7.47,-34.81,75.2,100,90,13.87
329,Fomboni,KM,2020-05-23 14:03:46,-12.28,43.74,80.19,77,1,17.09
330,Tabas,IR,2020-05-23 14:03:46,33.6,56.92,100.4,9,0,9.17
331,Bagan,RU,2020-05-23 14:03:46,54.1,77.66,70.77,53,100,3.13
332,Mar Del Plata,AR,2020-05-23 14:03:46,-38.0,-57.56,57.0,87,100,5.57
333,Esperance,AU,2020-05-23 14:03:46,-33.87,121.9,57.2,47,0,12.75
334,Uvira,CD,2020-05-23 14:03:47,-3.41,29.15,79.72,57,11,8.9
335,Henties Bay,NA,2020-05-23 14:03:47,-22.12,14.28,72.0,53,0,8.99
336,Port-Cartier,CA,2020-05-23 14:03:47,50.03,-66.87,42.8,26,5,12.75
337,Ponta Delgada,PT,2020-05-23 14:03:47,37.73,-25.67,64.4,100,75,8.05
338,San Policarpo,PH,2020-05-23 14:03:47,12.18,125.51,82.94,83,100,6.93
339,Bud,US,2020-05-23 14:03:47,39.45,-86.18,69.01,82,1,4.7
340,Gamba,GA,2020-05-23 14:03:47,-2.65,10.0,83.19,76,9,8.63
341,Chimbote,PE,2020-05-23 14:03:48,-9.09,-78.58,67.01,80,100,5.1
342,Matagami,CA,2020-05-23 14:03:48,49.75,-77.63,48.2,42,1,8.05
343,Mount Gambier,AU,2020-05-23 14:03:48,-37.83,140.77,48.2,93,75,6.93
344,Laguna,US,2020-05-23 14:03:48,38.42,-121.42,59.0,50,1,5.82
345,Mikhaylovskoye,RU,2020-05-23 14:03:48,51.82,79.72,71.38,42,100,1.99
346,Burgeo,CA,2020-05-23 14:03:48,47.62,-57.62,40.17,66,0,24.83
347,Katsuura,JP,2020-05-23 14:03:48,35.13,140.3,62.6,93,40,3.36
348,Zenzeli,RU,2020-05-23 14:03:48,45.92,47.05,57.29,75,100,24.38
349,Puri,IN,2020-05-23 14:03:49,19.8,85.85,84.34,87,91,14.05
350,Tautira,PF,2020-05-23 13:58:50,-17.73,-149.15,75.2,78,55,3.36
351,San Cristobal,VE,2020-05-23 14:02:39,7.77,-72.22,89.6,40,40,17.22
352,Marathon,US,2020-05-23 14:03:49,44.9,-89.77,63.0,82,90,9.17
353,Mandera,KE,2020-05-23 14:00:06,3.94,41.87,89.78,44,12,16.37
354,Saint George,US,2020-05-23 14:00:07,37.1,-113.58,60.01,47,1,12.75
355,Brindisi,IT,2020-05-23 14:03:49,40.58,17.67,84.2,49,11,8.05
356,Muros,ES,2020-05-23 14:03:49,42.78,-9.06,72.0,49,13,5.01
357,Shahr-E Babak,IR,2020-05-23 14:03:49,30.12,55.12,81.45,14,0,13.18
358,The Pas,CA,2020-05-23 14:00:30,53.83,-101.25,55.4,76,90,5.82
359,Sao Felix Do Xingu,BR,2020-05-23 14:03:50,-6.64,-51.99,81.82,86,89,4.45
360,Morro Bay,US,2020-05-23 14:03:50,35.37,-120.85,55.0,95,0,4.52
361,Xinqing,CN,2020-05-23 14:03:50,48.23,129.5,48.4,92,100,0.69
362,Dunedin,NZ,2020-05-23 14:03:50,-45.87,170.5,48.99,83,100,2.68
363,Tuatapere,NZ,2020-05-23 14:03:50,-46.13,167.68,48.78,79,100,4.0
364,Xenia,US,2020-05-23 14:01:17,39.68,-83.93,71.01,73,1,3.36
365,Sao Filipe,CV,2020-05-23 14:03:50,14.9,-24.5,76.32,67,0,6.42
366,Usinsk,RU,2020-05-23 13:59:19,65.99,57.53,40.64,76,100,14.5
367,Cabrican,GT,2020-05-23 14:03:51,15.13,-91.62,52.0,99,0,1.05
368,Metro,ID,2020-05-23 14:03:51,-5.11,105.31,77.11,85,72,4.18
369,Bodden Town,KY,2020-05-23 14:03:51,19.28,-81.25,81.0,100,40,10.29
370,Omsukchan,RU,2020-05-23 14:03:51,62.53,155.8,26.46,91,33,2.93
371,Port Blair,IN,2020-05-23 14:03:51,11.67,92.75,84.43,77,100,5.35
372,Pacific Grove,US,2020-05-23 14:03:51,36.62,-121.92,55.0,81,40,2.04
373,Sovetskoye,RU,2020-05-23 14:03:51,52.29,85.41,62.76,65,22,4.63
374,Santo Domingo,DO,2020-05-23 14:00:54,18.5,-69.99,87.01,79,75,5.03
375,Tilichiki,RU,2020-05-23 14:03:52,60.47,166.1,28.44,95,0,6.82
376,Yinchuan,CN,2020-05-23 13:59:27,38.47,106.27,60.01,17,61,3.0
377,Lubbock,US,2020-05-23 14:00:09,33.6,-101.83,73.0,68,20,10.29
378,Kinwat,IN,2020-05-23 14:03:52,19.63,78.2,100.92,11,74,3.24
379,Vardo,NO,2020-05-23 14:03:52,70.37,31.11,46.83,70,97,17.69
380,Mikhaylovka,RU,2020-05-23 14:03:52,50.06,43.24,51.01,86,96,3.0
381,Pevek,RU,2020-05-23 14:03:53,69.7,170.31,28.4,97,100,5.03
382,That Phanom,TH,2020-05-23 14:03:53,16.94,104.71,78.8,94,75,16.11
383,Port Hedland,AU,2020-05-23 14:03:53,-20.32,118.57,60.8,63,0,8.05
384,Zhigalovo,RU,2020-05-23 14:03:53,54.81,105.16,59.31,45,8,3.47
385,Solt,HU,2020-05-23 14:03:53,46.8,19.0,71.6,26,100,4.7
386,Hamilton,US,2020-05-23 14:00:23,39.18,-84.53,75.0,82,75,4.7
387,Torbay,CA,2020-05-23 14:03:53,47.67,-52.73,44.01,41,20,33.33
388,Sitka,US,2020-05-23 14:03:53,57.05,-135.33,48.2,81,75,3.36
389,Kushima,JP,2020-05-23 14:03:54,31.46,131.23,66.0,82,100,5.01
390,Anjiang,CN,2020-05-23 14:03:54,27.32,110.1,72.59,72,0,2.68
391,Nanortalik,GL,2020-05-23 14:03:54,60.14,-45.24,45.37,68,97,2.17
392,Ahipara,NZ,2020-05-23 13:59:04,-35.17,173.17,57.9,89,100,7.96
393,Meulaboh,ID,2020-05-23 14:03:54,4.14,96.13,81.07,79,100,1.95
394,Belmonte,BR,2020-05-23 14:03:54,-15.86,-38.88,78.8,83,40,6.93
395,Shitkino,RU,2020-05-23 14:03:55,56.37,98.35,62.24,40,0,0.45
396,South Yuba City,US,2020-05-23 14:03:55,39.12,-121.64,55.4,54,1,8.05
397,Lata,PT,2020-05-23 14:03:55,40.16,-8.33,82.0,50,3,9.37
398,Luanda,AO,2020-05-23 14:02:02,-8.84,13.23,84.2,70,20,11.41
399,Surubim,BR,2020-05-23 14:03:55,-7.83,-35.75,82.58,71,34,12.26
400,Ancud,CL,2020-05-23 14:03:55,-41.87,-73.82,52.0,100,90,17.22
401,Burnie,AU,2020-05-23 14:03:55,-41.07,145.92,45.0,87,0,1.99
402,Wakkanai,JP,2020-05-23 14:02:35,45.41,141.67,51.06,85,100,8.55
403,Asau,RO,2020-05-23 14:03:56,46.43,26.4,61.0,36,88,3.27
404,Pathein,MM,2020-05-23 14:03:56,16.78,94.73,84.11,72,5,8.12
405,Presidencia Roque Saenz Pena,AR,2020-05-23 13:59:56,-26.79,-60.44,55.26,53,0,8.81
406,Sirjan,IR,2020-05-23 14:03:56,29.45,55.68,83.64,12,0,15.86
407,Champerico,GT,2020-05-23 14:03:56,14.3,-91.92,78.8,88,40,3.89
408,Cloppenburg,DE,2020-05-23 14:03:56,52.85,8.03,68.0,47,89,8.99
409,Frankfort,ZA,2020-05-23 14:03:56,-27.27,28.48,67.89,24,0,2.82
410,Sovetskiy,RU,2020-05-23 14:03:56,61.36,63.58,61.25,48,22,8.81
411,Saitama,JP,2020-05-23 14:02:59,35.91,139.66,69.01,37,39,10.16
412,Sonoita,MX,2020-05-23 14:03:57,31.85,-112.83,68.0,32,0,4.61
413,Yining,CN,2020-05-23 14:03:57,29.04,114.56,70.65,69,1,2.21
414,Hervey Bay,AU,2020-05-23 14:03:57,-25.3,152.85,53.01,74,100,4.0
415,Jaciara,BR,2020-05-23 14:03:57,-15.97,-54.97,64.02,84,100,9.06
416,Nalut,LY,2020-05-23 14:03:58,30.33,10.85,89.35,18,0,16.98
417,Fremont,US,2020-05-23 14:02:42,37.55,-121.99,54.0,66,1,1.72
418,Saravan,AM,2020-05-23 14:03:58,39.72,45.65,86.0,20,75,11.41
419,Monticello,US,2020-05-23 14:03:59,45.31,-93.79,61.0,87,90,6.78
420,Eureka,US,2020-05-23 14:03:59,40.8,-124.16,48.0,44,100,3.2
421,Vila Do Maio,CV,2020-05-23 14:03:59,15.13,-23.22,84.2,51,20,10.29
422,Roma,US,2020-05-23 14:03:03,43.21,-75.46,69.01,77,1,3.51
423,Pontianak,ID,2020-05-23 14:04:00,-0.03,109.33,78.22,88,100,4.43
424,Belyy Yar,RU,2020-05-23 14:04:01,53.6,91.39,68.0,52,0,8.95
425,Canutama,BR,2020-05-23 14:04:01,-6.53,-64.38,87.01,68,12,2.98
426,Tyrma,RU,2020-05-23 14:04:01,50.08,132.17,51.22,83,100,9.51
427,Saint-Pierre,RE,2020-05-23 14:04:02,-21.34,55.48,75.2,64,1,20.8
428,Seminole,US,2020-05-23 14:02:04,28.71,-81.21,84.0,83,20,4.7
429,Barcelona,ES,2020-05-23 14:02:46,41.39,2.16,86.0,30,81,9.17
430,Tezu,IN,2020-05-23 14:04:02,27.92,96.17,74.23,85,100,2.48
431,Mangan,IN,2020-05-23 14:04:03,27.52,88.53,74.01,60,100,0.51
432,Lake Wales,US,2020-05-23 14:04:03,27.9,-81.59,82.99,83,75,8.05
433,Pangoa,PE,2020-05-23 14:04:03,-12.12,-73.0,76.5,71,89,1.9
434,Taunggyi,MM,2020-05-23 14:01:12,20.78,97.03,70.27,55,45,3.38
435,Fuerte Olimpo,PY,2020-05-23 14:04:05,-21.04,-57.87,58.98,53,0,8.93
436,Omboue,GA,2020-05-23 14:04:05,-1.57,9.26,83.89,73,37,9.57
437,Asosa,ET,2020-05-23 14:04:05,10.07,34.53,72.75,74,5,3.71
438,Malakal,SS,2020-05-23 14:04:06,9.53,31.66,94.64,34,3,1.54
439,Samarai,PG,2020-05-23 14:04:06,-10.62,150.67,81.05,84,81,5.03
440,Coahuayana,MX,2020-05-23 14:04:06,18.73,-103.68,64.4,88,90,1.36
441,Port Hardy,CA,2020-05-23 14:04:07,50.7,-127.42,46.4,93,90,2.24
442,Kahului,US,2020-05-23 14:04:07,20.89,-156.47,71.01,73,1,5.77
443,Storsteinnes,NO,2020-05-23 14:04:07,69.24,19.23,62.6,29,40,11.41
444,Mackenzie,CA,2020-05-23 14:04:07,55.3,-123.17,42.8,87,90,6.93
445,Itarema,BR,2020-05-23 14:04:07,-2.92,-39.92,81.79,84,16,10.56
446,Griffith,US,2020-05-23 14:03:40,41.53,-87.42,70.0,77,1,8.37
447,Brenham,US,2020-05-23 14:00:58,30.17,-96.4,81.0,88,90,5.82
448,Vezirkopru,TR,2020-05-23 14:04:08,41.14,35.45,53.6,58,75,17.22
449,Axim,GH,2020-05-23 14:04:08,4.87,-2.24,85.28,69,45,9.53
450,Rio Esteban,HN,2020-05-23 14:04:08,15.83,-86.3,84.2,79,75,2.24
451,Ushirombo,TZ,2020-05-23 14:04:08,-3.49,31.96,79.11,49,100,4.0
452,Tsumeb,NA,2020-05-23 14:04:09,-19.23,17.72,78.28,18,0,12.97
453,Puerto Narino,CO,2020-05-23 14:04:09,-3.77,-70.38,78.8,100,75,2.24
454,Pisco,PE,2020-05-23 14:02:10,-13.7,-76.22,64.99,87,90,3.36
455,Taoudenni,ML,2020-05-23 14:04:09,22.68,-3.98,99.3,9,0,18.3
456,Batagay,RU,2020-05-23 14:04:09,67.63,134.63,41.94,67,76,3.74
457,Igrim,RU,2020-05-23 14:04:09,63.19,64.42,60.19,54,91,6.6
458,Sistranda,NO,2020-05-23 14:04:09,63.73,8.83,59.0,54,75,13.87
459,Ranong,TH,2020-05-23 14:04:10,9.97,98.63,82.4,88,20,5.5
460,Pedernales,DO,2020-05-23 14:04:10,18.04,-71.74,84.2,83,75,6.93
461,Kurilsk,RU,2020-05-23 14:04:10,45.23,147.88,40.77,87,100,10.16
462,Xuzhou,CN,2020-05-23 14:04:10,34.18,117.16,73.98,62,58,13.76
463,Srandakan,ID,2020-05-23 13:59:59,-7.94,110.25,79.47,82,14,2.04
464,Yarkovo,RU,2020-05-23 14:04:10,57.4,67.08,62.91,64,100,5.44
465,Iroquois Falls,CA,2020-05-23 14:04:10,48.77,-80.68,59.0,33,40,10.29
466,Biak,ID,2020-05-23 14:04:11,-0.91,122.88,78.91,83,90,2.33
467,Bathsheba,BB,2020-05-23 14:04:11,13.22,-59.52,86.0,66,20,19.46
468,Vuktyl,RU,2020-05-23 14:04:11,63.86,57.31,43.95,72,99,10.38
469,Turukhansk,RU,2020-05-23 14:04:11,65.82,87.98,69.28,47,100,12.03
470,Leh,IN,2020-05-23 14:04:11,34.17,77.58,52.84,38,94,5.39
471,Chachapoyas,PE,2020-05-23 14:04:11,-6.23,-77.87,58.78,79,99,3.56
472,Beringovskiy,RU,2020-05-23 14:04:11,63.05,179.32,31.59,98,99,11.52
473,Calvinia,ZA,2020-05-23 14:04:12,-31.47,19.78,73.83,20,0,13.98
474,Mildura,AU,2020-05-23 14:04:12,-34.2,142.15,53.01,93,40,6.93
475,Chardara,KZ,2020-05-23 14:04:12,41.25,67.97,86.67,30,0,2.24
476,Salyan,AZ,2020-05-23 14:01:34,39.59,48.98,77.05,50,94,30.62
477,Pingyin,CN,2020-05-23 14:04:12,36.28,116.45,75.99,52,100,1.01
478,Shingu,JP,2020-05-23 14:04:12,33.73,135.98,62.8,91,100,4.63
479,Tiznit,MA,2020-05-23 14:04:12,29.58,-9.5,92.64,13,0,5.55
480,Ibiruba,BR,2020-05-23 13:59:44,-28.63,-53.09,52.48,90,100,15.86
481,Zyryanka,RU,2020-05-23 14:04:12,65.75,150.85,36.82,75,43,4.29
482,Korla,CN,2020-05-23 14:00:36,41.76,86.15,78.8,18,38,6.33
483,Herat,AF,2020-05-23 14:04:13,34.5,62.0,91.4,14,0,16.11
484,Yumen,CN,2020-05-23 14:04:13,40.28,97.2,67.33,22,2,13.22
485,Constitucion,CL,2020-05-23 14:04:13,-35.33,-72.42,56.97,44,15,6.02
486,Oktyabrskiy,RU,2020-05-23 14:04:13,54.48,53.47,54.55,82,98,11.23
487,Hami,CN,2020-05-23 14:04:13,42.8,93.45,77.34,18,0,7.78
488,Nokaneng,BW,2020-05-23 14:04:13,-19.67,22.27,80.08,19,0,6.82
489,Molepolole,BW,2020-05-23 14:04:13,-24.41,25.5,75.2,23,20,6.93
490,Morant Bay,JM,2020-05-23 14:04:14,17.88,-76.41,86.0,66,20,5.82
491,Umuahia,NG,2020-05-23 14:04:14,5.53,7.49,86.16,70,100,4.63
492,Nata,PA,2020-05-23 14:04:14,8.33,-80.52,84.94,68,23,4.18
493,Ajdabiya,LY,2020-05-23 14:04:14,30.76,20.23,76.35,51,0,21.07
494,Azare,NG,2020-05-23 14:04:14,11.68,10.19,99.25,25,71,3.85
495,Paita,PE,2020-05-23 14:04:14,-5.09,-81.11,69.8,73,90,19.46
496,Deniliquin,AU,2020-05-23 14:04:14,-35.53,144.97,48.99,90,0,4.0
497,Chanika,TZ,2020-05-23 14:04:14,-5.42,38.02,73.8,80,22,6.82
498,Fasa,IR,2020-05-23 14:04:15,28.94,53.65,93.2,9,0,6.93
499,Kirakira,SB,2020-05-23 14:04:15,-10.45,161.92,80.56,85,100,6.02
500,Port-Gentil,GA,2020-05-23 14:04:15,-0.72,8.78,80.6,94,75,6.93
501,Oistins,BB,2020-05-23 14:00:32,13.07,-59.53,86.0,66,20,19.46
502,Gondanglegi,ID,2020-05-23 14:04:15,-7.75,112.01,77.18,81,22,7.74
503,Constantine,DZ,2020-05-23 14:04:15,36.37,6.61,84.2,18,0,6.93
504,Bilibino,RU,2020-05-23 14:04:15,68.05,166.44,26.24,92,82,2.33
505,Tahlequah,US,2020-05-23 14:04:15,35.92,-94.97,70.0,73,1,3.36
506,Aksu,CN,2020-05-23 14:04:16,41.12,80.26,78.69,17,0,4.72
507,Pryazha,RU,2020-05-23 14:04:16,61.69,33.62,55.4,28,0,8.95
508,Mount Isa,AU,2020-05-23 14:04:16,-20.73,139.5,48.2,70,0,4.7
509,Manokwari,ID,2020-05-23 14:04:16,-0.87,134.08,81.79,77,100,4.97
510,Prata,BR,2020-05-23 14:01:03,-19.31,-48.92,70.39,90,100,9.24
511,Shache,CN,2020-05-23 14:04:16,38.42,77.24,78.48,17,0,5.7
512,Vestmannaeyjar,IS,2020-05-23 14:04:16,63.44,-20.27,53.6,61,40,10.29
513,Bouna,CI,2020-05-23 14:04:16,9.27,-3.0,93.22,44,36,6.11
514,Corciano,IT,2020-05-23 14:04:17,43.13,12.29,84.99,37,29,9.17
515,Alzamay,RU,2020-05-23 14:04:17,55.56,98.66,60.19,38,0,1.92
516,Chernyshevskiy,RU,2020-05-23 14:04:17,63.01,112.47,60.15,58,100,3.11
517,Rio Grande,BR,2020-05-23 14:04:17,-32.03,-52.1,59.0,93,90,3.36
518,Atar,MR,2020-05-23 14:04:17,20.52,-13.05,108.12,6,0,12.21
519,Aasiaat,GL,2020-05-23 14:04:17,68.71,-52.87,39.25,72,0,10.65
520,Galveston,US,2020-05-23 14:04:17,29.37,-94.97,84.0,83,75,16.11
521,Lensk,RU,2020-05-23 14:04:17,60.73,114.93,54.16,50,100,2.35
522,Safranbolu,TR,2020-05-23 14:04:18,41.25,32.69,52.39,68,100,7.36
523,Rypefjord,NO,2020-05-23 14:04:18,70.63,23.67,53.6,40,87,20.8
524,Kavieng,PG,2020-05-23 14:04:18,-2.57,150.8,82.47,77,30,3.09
525,Dzaoudzi,YT,2020-05-23 14:04:18,-12.79,45.27,82.4,69,90,13.87
526,Nam Som,TH,2020-05-23 14:04:18,17.77,102.19,97.0,95,100,5.75
527,Sao Joao Da Barra,BR,2020-05-23 13:59:22,-21.64,-41.05,82.4,65,19,13.87
528,Stepantsevo,RU,2020-05-23 14:04:18,56.13,41.7,54.88,62,100,5.97
529,Alexandria,EG,2020-05-23 14:01:44,31.22,29.96,77.0,50,20,18.34
530,Kikwit,CD,2020-05-23 14:04:18,-5.04,18.82,84.63,64,90,1.79
531,Fort-Shevchenko,KZ,2020-05-23 14:04:19,44.51,50.26,67.01,80,100,26.82
532,Ilulissat,GL,2020-05-23 14:03:22,69.22,-51.1,39.2,69,20,5.82
533,Mafinga,TZ,2020-05-23 14:04:19,-7.25,35.07,81.81,33,0,3.85
534,Fallon,US,2020-05-23 14:04:19,39.47,-118.78,45.0,74,1,5.82
535,Nadvoitsy,RU,2020-05-23 14:04:19,63.87,34.32,51.1,47,95,7.14
536,Adrar,MR,2020-05-23 14:04:19,20.5,-10.07,103.3,7,0,13.44
537,Hovd,MN,2020-05-23 14:04:19,48.01,91.64,60.57,33,100,5.37
538,Ploemeur,FR,2020-05-23 14:04:20,47.73,-3.43,64.0,63,0,20.8
539,Mosquera,CO,2020-05-23 14:01:23,4.71,-74.23,59.0,72,75,8.05
540,San Andres,CO,2020-05-23 14:04:20,12.58,-81.7,84.2,83,90,5.82
541,Dariba,IN,2020-05-23 14:04:20,24.95,74.13,96.1,13,1,9.26
542,Komsomolskiy,UZ,2020-05-23 14:04:20,40.43,71.72,93.2,14,0,2.24
543,Kendari,ID,2020-05-23 14:04:20,-3.94,122.5,78.57,90,99,2.89
544,Kalmunai,LK,2020-05-23 14:04:20,7.42,81.82,84.42,77,75,2.98
545,Dauphin,CA,2020-05-23 14:04:21,51.15,-100.05,59.0,63,1,5.82
546,Comodoro Rivadavia,AR,2020-05-23 14:04:21,-45.87,-67.5,60.8,41,100,28.86
547,Yulara,AU,2020-05-23 14:01:08,-25.24,130.99,48.2,34,0,6.93
548,Sibolga,ID,2020-05-23 13:59:25,1.74,98.78,77.92,88,100,1.88
549,Krasnoselkup,RU,2020-05-23 14:04:21,65.7,82.47,65.68,39,100,8.39
550,Izumo,JP,2020-05-23 14:04:21,35.37,132.77,62.6,93,40,5.82
551,Moose Factory,CA,2020-05-23 14:04:21,51.26,-80.61,46.4,50,1,9.17
552,Oranjemund,NA,2020-05-23 14:04:21,-28.55,16.43,65.5,58,0,11.83
553,Broken Hill,AU,2020-05-23 14:04:22,-31.95,141.43,51.8,93,40,14.99
554,Pittsfield,US,2020-05-23 14:04:22,42.45,-73.25,71.01,77,90,4.7
555,Sioux Lookout,CA,2020-05-23 14:04:22,50.1,-91.92,62.6,77,90,4.7
556,Kunming,CN,2020-05-23 14:00:29,25.04,102.72,77.0,72,40,13.42
557,Kutum,SD,2020-05-23 14:04:22,14.2,24.67,89.13,26,83,9.44
558,Ouadda,CF,2020-05-23 14:04:22,8.08,22.4,86.09,55,98,1.25
559,Gigmoto,PH,2020-05-23 14:04:22,13.78,124.39,83.3,81,100,5.26
560,Smirnykh,RU,2020-05-23 14:04:23,49.75,142.83,50.13,82,100,0.96
561,Urucurituba,BR,2020-05-23 14:04:23,-2.68,-57.67,83.34,91,70,4.41
562,Chivay,PE,2020-05-23 14:04:23,-15.64,-71.6,51.17,46,97,2.28
563,Salinas,US,2020-05-23 14:02:48,36.68,-121.66,53.6,87,90,1.41
564,Acapulco,MX,2020-05-23 14:02:01,16.86,-99.89,77.0,88,75,4.7
565,Frontera,MX,2020-05-23 14:04:23,26.93,-101.45,86.0,64,20,4.7
566,Kadyy,RU,2020-05-23 14:04:23,57.79,43.19,47.88,85,100,5.1
567,Laurel,US,2020-05-23 13:59:37,39.1,-76.85,73.0,83,40,4.7
568,Marystown,CA,2020-05-23 14:04:24,47.17,-55.15,39.83,66,0,25.34
569,Malangali,TZ,2020-05-23 14:04:24,-8.57,34.85,70.23,54,1,10.18
570,Malchevskaya,RU,2020-05-23 14:04:24,49.06,40.36,56.8,53,100,12.75
571,Gull Lake,CA,2020-05-23 14:04:24,50.1,-108.48,41.0,86,1,12.75
572,Torit,SS,2020-05-23 14:04:24,4.41,32.57,86.97,54,95,1.99
573,Sibu,MY,2020-05-23 14:04:24,2.3,111.82,84.2,89,40,1.19
